set,scenario,instance_index,instance,n_runs,avg_err_rate,avg_err_percent
SetA,100,1,TDSP10_3_10_3_M,10,0.39713645509666246,0.20048340000000003
SetA,100,2,TDSP10_4_10_4_M,10,0.1122324414715719,0.16082343999999998
SetA,100,3,TDSP15_3_15_3_M,10,0.12841363524227972,0.12379904000000001
SetA,100,4,TDSP15_4_15_4_M,10,0.21509763509487229,0.1216519
SetA,100,5,TDSP20_3_20_3_M,10,0.05490384615384616,0.02454951
SetA,100,6,TDSP20_4_20_4_M,10,0.20726040618279024,0.05037477
SetA,100,7,TDSP25_3_25_3_M,10,0.17822687014281735,0.015756700000000002
SetA,100,8,TDSP25_5_25_5_M,10,0.4785214646489074,0.099026268
SetA,100,9,TDSP28_3_28_3_M,10,0.05968499752652996,0.013319038
SetA,100,10,TDSP28_5_28_5_M,10,0.40092669685061333,0.03624571
SetA,100,11,TDSP30_6_30_6_M,10,0.5653368434597941,0.04070837
SetA,100,12,TDSP30_8_30_8_M,10,0.6017882649680701,0.05022723
SetA,100,13,TDSP35_6_35_6_M,10,0.2542566170797146,0.02051551
SetA,100,14,TDSP35_8_35_8_M,10,0.488104535210857,0.027109650000000002
SetA,100,15,TDSP40_6_40_6_M,10,0.5452351200774699,0.02704003
SetA,100,16,TDSP40_8_40_8_M,10,0.5813356501863541,0.02459802
SetA,500,1,TDSP10_3_10_3_M,10,0.05466036827142483,0.0526229515
SetA,500,2,TDSP10_4_10_4_M,10,0.07612063534142444,0.066920663
SetA,500,3,TDSP15_3_15_3_M,10,0.04581398348813209,0.04278769
SetA,500,4,TDSP15_4_15_4_M,10,0.12111340816725709,0.041661290000000004
SetA,500,5,TDSP20_3_20_3_M,10,0.03782576321667908,0.009224462
SetA,500,6,TDSP20_4_20_4_M,10,0.13739702742842486,0.016713075
SetA,500,7,TDSP25_3_25_3_M,10,0.08468321481754038,0.007234686
SetA,500,8,TDSP25_5_25_5_M,10,0.35732422098437255,0.0507178
SetA,500,9,TDSP28_3_28_3_M,10,0.02576311061448667,0.010021653
SetA,500,10,TDSP28_5_28_5_M,10,0.2599951321226236,0.016382152
SetA,500,11,TDSP30_6_30_6_M,10,0.4128902391685325,0.016173954999999997
SetA,500,12,TDSP30_8_30_8_M,10,0.45429693917056857,0.016075119000000002
SetA,500,13,TDSP35_6_35_6_M,10,0.20376992930021723,0.00734046
SetA,500,14,TDSP35_8_35_8_M,10,0.36127501927120664,0.013663268000000001
SetA,500,15,TDSP40_6_40_6_M,10,0.3887191084737073,0.008022286
SetA,500,16,TDSP40_8_40_8_M,10,0.4773828654710771,0.006002124000000001
SetA,1000,1,TDSP10_3_10_3_M,10,0.014899440836940836,0.0042491627
SetA,1000,2,TDSP10_4_10_4_M,10,0.03987876254180602,0.029543312
SetA,1000,3,TDSP15_3_15_3_M,10,0.037461300309597524,0.021762739999999996
SetA,1000,4,TDSP15_4_15_4_M,10,0.06640175310761612,0.020415480000000003
SetA,1000,5,TDSP20_3_20_3_M,10,0.0409717051377513,0.0056436952
SetA,1000,6,TDSP20_4_20_4_M,10,0.07641853934211541,0.012632475
SetA,1000,7,TDSP25_3_25_3_M,10,0.06490462759863061,0.0030425959000000002
SetA,1000,8,TDSP25_5_25_5_M,10,0.30339449478684916,0.027410382
SetA,1000,9,TDSP28_3_28_3_M,10,0.00668374068995187,0.0003602442
SetA,1000,10,TDSP28_5_28_5_M,10,0.19861007290180036,0.010370415
SetA,1000,11,TDSP30_6_30_6_M,10,0.34542166517155654,0.007320583
SetA,1000,12,TDSP30_8_30_8_M,10,0.3671205737109988,0.010133628
SetA,1000,13,TDSP35_6_35_6_M,10,0.16454127974383062,0.0037365919999999995
SetA,1000,14,TDSP35_8_35_8_M,10,0.26328373211268397,0.008445211
SetA,1000,15,TDSP40_6_40_6_M,10,0.32197813165979366,0.003882776
SetA,1000,16,TDSP40_8_40_8_M,10,0.4262062331226454,0.003772243
SetA,1500,1,TDSP10_3_10_3_M,10,0.030327123779598248,0.005143447000000001
SetA,1500,2,TDSP10_4_10_4_M,10,0.031454669687488765,0.01196707
SetA,1500,3,TDSP15_3_15_3_M,10,0.025703044375644996,0.005123233
SetA,1500,4,TDSP15_4_15_4_M,10,0.05150490809481023,0.02259328
SetA,1500,5,TDSP20_3_20_3_M,10,0.04710178131622659,0.005347292
SetA,1500,6,TDSP20_4_20_4_M,10,0.03436008311761489,0.0036402181
SetA,1500,7,TDSP25_3_25_3_M,10,0.03910643482754628,0.0023232619
SetA,1500,8,TDSP25_5_25_5_M,10,0.26482200575522724,0.015661662
SetA,1500,9,TDSP28_3_28_3_M,10,0.011035875156925685,0.0021417872
SetA,1500,10,TDSP28_5_28_5_M,10,0.19838949995429006,0.004657255
SetA,1500,11,TDSP30_6_30_6_M,10,0.30054045510058425,0.004004774
SetA,1500,12,TDSP30_8_30_8_M,10,0.3072505080058521,0.004908586
SetA,1500,13,TDSP35_6_35_6_M,10,0.10666071962427778,0.002123187
SetA,1500,14,TDSP35_8_35_8_M,10,0.2247106991339745,0.004889136
SetA,1500,15,TDSP40_6_40_6_M,10,0.2576312533280323,0.0019454200000000004
SetA,1500,16,TDSP40_8_40_8_M,10,0.2962634280991727,0.0018328000000000003
SetB,100,1,TDSP10_3_10_3_MD,10,0.36101918689943335,0.090142
SetB,100,2,TDSP10_4_10_4_MD,10,0.36788141025010423,0.06699238
SetB,100,3,TDSP15_3_15_3_MD,10,0.40114025435944417,0.06065331
SetB,100,4,TDSP15_4_15_4_MD,10,0.2934719341223594,0.03269363
SetB,100,5,TDSP20_3_20_3_MD,10,0.41332837070052736,0.02749597
SetB,100,6,TDSP20_4_20_4_MD,10,0.3512207165541618,0.02667214
SetB,100,7,TDSP25_3_25_3_MD,10,0.41984363053252655,0.007805228
SetB,100,8,TDSP25_5_25_5_MD,10,0.35033112625648033,0.01545282
SetB,100,9,TDSP28_3_28_3_MD,10,0.4596804603330421,0.006767023
SetB,100,10,TDSP28_5_28_5_MD,10,0.514477073455111,0.008794188999999999
SetB,100,11,TDSP30_6_30_6_MD,10,0.6919628144263733,0.012836228
SetB,100,12,TDSP30_8_30_8_MD,10,0.5941400553946643,0.01310184
SetB,100,13,TDSP35_6_35_6_MD,10,0.7325020970481643,0.008815885999999998
SetB,100,14,TDSP35_8_35_8_MD,10,0.7304257146575112,0.01122883
SetB,100,15,TDSP40_6_40_6_MD,10,0.7724812820089841,0.009529637000000002
SetB,100,16,TDSP40_8_40_8_MD,10,0.7383301829068101,0.009907783
SetB,500,1,TDSP10_3_10_3_MD,10,0.17488022353974883,0.03447836
SetB,500,2,TDSP10_4_10_4_MD,10,0.16124667220297045,0.0251167
SetB,500,3,TDSP15_3_15_3_MD,10,0.2266172713765661,0.014897828999999998
SetB,500,4,TDSP15_4_15_4_MD,10,0.1750224313133275,0.010723565
SetB,500,5,TDSP20_3_20_3_MD,10,0.2556190771310348,0.01603542
SetB,500,6,TDSP20_4_20_4_MD,10,0.22606922457108483,0.0095996
SetB,500,7,TDSP25_3_25_3_MD,10,0.29363791242494797,0.004371509
SetB,500,8,TDSP25_5_25_5_MD,10,0.263964078209369,0.004816892
SetB,500,9,TDSP28_3_28_3_MD,10,0.33475881798779217,0.0027324379999999994
SetB,500,10,TDSP28_5_28_5_MD,10,0.34025956232327126,0.0033651479999999997
SetB,500,11,TDSP30_6_30_6_MD,10,0.46951225378740935,0.003410183
SetB,500,12,TDSP30_8_30_8_MD,10,0.3701363948055317,0.003774403
SetB,500,13,TDSP35_6_35_6_MD,10,0.5758922469861856,0.003112264
SetB,500,14,TDSP35_8_35_8_MD,10,0.5974885521138672,0.004865370000000001
SetB,500,15,TDSP40_6_40_6_MD,10,0.5858035097365587,0.002502834
SetB,500,16,TDSP40_8_40_8_MD,10,0.49931358021958666,0.002590613
SetB,1000,1,TDSP10_3_10_3_MD,10,0.09722778627242344,0.022990991
SetB,1000,2,TDSP10_4_10_4_MD,10,0.11798840730566515,0.013316313
SetB,1000,3,TDSP15_3_15_3_MD,10,0.13940136751514912,0.010394517999999998
SetB,1000,4,TDSP15_4_15_4_MD,10,0.14726342840412343,0.007901606
SetB,1000,5,TDSP20_3_20_3_MD,10,0.17866376754309815,0.008916198
SetB,1000,6,TDSP20_4_20_4_MD,10,0.17504872147497103,0.003956892
SetB,1000,7,TDSP25_3_25_3_MD,10,0.21983185921289,0.0033972788999999995
SetB,1000,8,TDSP25_5_25_5_MD,10,0.20412859249600523,0.003237201
SetB,1000,9,TDSP28_3_28_3_MD,10,0.2475075790920666,0.001896308
SetB,1000,10,TDSP28_5_28_5_MD,10,0.2531455028401386,0.0019907790000000002
SetB,1000,11,TDSP30_6_30_6_MD,10,0.4202058460708534,0.002247591
SetB,1000,12,TDSP30_8_30_8_MD,10,0.27954367947694375,0.002211416
SetB,1000,13,TDSP35_6_35_6_MD,10,0.42514595251210086,0.00159771
SetB,1000,14,TDSP35_8_35_8_MD,10,0.3772751903021602,0.0017764190000000002
SetB,1000,15,TDSP40_6_40_6_MD,10,0.49746828574275376,0.0013954549999999999
SetB,1000,16,TDSP40_8_40_8_MD,10,0.39175629316244537,0.0013480746999999997
SetB,1500,1,TDSP10_3_10_3_MD,10,0.065119577090434,0.007839892000000001
SetB,1500,2,TDSP10_4_10_4_MD,10,0.09658909330989965,0.00974548
SetB,1500,3,TDSP15_3_15_3_MD,10,0.07336301498444382,0.0035369120000000006
SetB,1500,4,TDSP15_4_15_4_MD,10,0.06424395907993066,0.0041164786
SetB,1500,5,TDSP20_3_20_3_MD,10,0.10814562031131472,0.004391329
SetB,1500,6,TDSP20_4_20_4_MD,10,0.10897498928290397,0.0018263548999999997
SetB,1500,7,TDSP25_3_25_3_MD,10,0.17086337890526326,0.0021717007999999998
SetB,1500,8,TDSP25_5_25_5_MD,10,0.12524873653295335,0.0017870309
SetB,1500,9,TDSP28_3_28_3_MD,10,0.18059722882484475,0.0009265967000000001
SetB,1500,10,TDSP28_5_28_5_MD,10,0.2074276473177533,0.0013900737000000002
SetB,1500,11,TDSP30_6_30_6_MD,10,0.3009151341576301,0.0012625903
SetB,1500,12,TDSP30_8_30_8_MD,10,0.20769996636207413,0.0014223142000000001
SetB,1500,13,TDSP35_6_35_6_MD,10,0.3140184538302214,0.0008766385000000002
SetB,1500,14,TDSP35_8_35_8_MD,10,0.29058650955730514,0.0011062315
SetB,1500,15,TDSP40_6_40_6_MD,10,0.34307612816882765,0.0007026917999999999
SetB,1500,16,TDSP40_8_40_8_MD,10,0.27610963347294104,0.0007486791999999999
SetC,100,1,TDSP10_3_10_3_X,10,0.06440746299652972,1.00538307
SetC,100,2,TDSP10_4_10_4_X,10,0.21777842776003875,1.5490403999999998
SetC,100,3,TDSP15_3_15_3_X,10,0.06698580720933685,0.09954775999999999
SetC,100,4,TDSP15_4_15_4_X,10,0.12854649728991369,0.40046040000000005
SetC,100,5,TDSP20_3_20_3_X,10,0.024354008409002575,0.02428392
SetC,100,6,TDSP20_4_20_4_X,10,0.06811462732881449,0.08746372
SetC,100,7,TDSP25_3_25_3_X,10,0.013782341684004995,0.016388644
SetC,100,8,TDSP25_5_25_5_X,10,0.16852372488702577,0.04139875
SetC,100,9,TDSP28_3_28_3_X,10,0.025890816712642577,0.006018739
SetC,100,10,TDSP28_5_28_5_X,10,0.15358598327066972,0.03640647
SetC,100,11,TDSP30_6_30_6_X,10,0.17035706033669473,0.04134639999999999
SetC,100,12,TDSP30_8_30_8_X,10,0.3859372229836804,0.04432569
SetC,100,13,TDSP35_6_35_6_X,10,0.25245012838582465,0.01281738
SetC,100,14,TDSP35_8_35_8_X,10,0.3433042017423923,0.015047390000000002
SetC,100,15,TDSP40_6_40_6_X,10,0.14993129892455942,0.007515665
SetC,100,16,TDSP40_8_40_8_X,10,0.31744769699584885,0.014551899999999998
SetC,500,1,TDSP10_3_10_3_X,10,0.017284635827404634,0.22526561999999997
SetC,500,2,TDSP10_4_10_4_X,10,0.07143805135710121,0.7250080999999999
SetC,500,3,TDSP15_3_15_3_X,10,0.025991183415673164,0.028837009000000004
SetC,500,4,TDSP15_4_15_4_X,10,0.052344401561160644,0.136282
SetC,500,5,TDSP20_3_20_3_X,10,0.004347826086956522,0.00125411
SetC,500,6,TDSP20_4_20_4_X,10,0.01925383365771014,0.009770684
SetC,500,7,TDSP25_3_25_3_X,10,0.01538382529194728,0.0032375223
SetC,500,8,TDSP25_5_25_5_X,10,0.09349864631717361,0.016242643
SetC,500,9,TDSP28_3_28_3_X,10,0.009262623194536388,0.0016491529999999998
SetC,500,10,TDSP28_5_28_5_X,10,0.06380351809085788,0.017487576999999997
SetC,500,11,TDSP30_6_30_6_X,10,0.09362567221458754,0.022399104
SetC,500,12,TDSP30_8_30_8_X,10,0.24793039003829387,0.01826857
SetC,500,13,TDSP35_6_35_6_X,10,0.12203203097918827,0.0051393720000000006
SetC,500,14,TDSP35_8_35_8_X,10,0.1615260932978389,0.006142369
SetC,500,15,TDSP40_6_40_6_X,10,0.06924396515820626,0.00291878
SetC,500,16,TDSP40_8_40_8_X,10,0.16178686610789603,0.004568336
SetC,1000,1,TDSP10_3_10_3_X,10,0.009462504758279406,0.08942773000000001
SetC,1000,2,TDSP10_4_10_4_X,10,0.03918031723377266,0.3383869
SetC,1000,3,TDSP15_3_15_3_X,10,0.011814556366795173,0.006662296
SetC,1000,4,TDSP15_4_15_4_X,10,0.02371793649098178,0.06467551
SetC,1000,5,TDSP20_3_20_3_X,10,0.0032258064516129032,0.000576997
SetC,1000,6,TDSP20_4_20_4_X,10,0.015349061847803127,0.0047676674
SetC,1000,7,TDSP25_3_25_3_X,10,0.01892782205788179,0.0037684434000000004
SetC,1000,8,TDSP25_5_25_5_X,10,0.06501533479065703,0.010252897
SetC,1000,9,TDSP28_3_28_3_X,10,0.005966863637887395,0.001498325
SetC,1000,10,TDSP28_5_28_5_X,10,0.05672389837417913,0.009247781
SetC,1000,11,TDSP30_6_30_6_X,10,0.0453421797840524,0.007659571999999999
SetC,1000,12,TDSP30_8_30_8_X,10,0.16799597830482207,0.007207985
SetC,1000,13,TDSP35_6_35_6_X,10,0.06568017987412975,0.002276994
SetC,1000,14,TDSP35_8_35_8_X,10,0.08696397491872183,0.0033100370000000005
SetC,1000,15,TDSP40_6_40_6_X,10,0.04068432932177707,0.001658718
SetC,1000,16,TDSP40_8_40_8_X,10,0.10167245997049582,0.002422029
SetC,1500,1,TDSP10_3_10_3_X,10,0.008786499484713156,0.04002038
SetC,1500,2,TDSP10_4_10_4_X,10,0.038742259024118514,0.208446
SetC,1500,3,TDSP15_3_15_3_X,10,0.0029820157688763985,0.0016104555
SetC,1500,4,TDSP15_4_15_4_X,10,0.01023074617401305,0.0119380586
SetC,1500,5,TDSP20_3_20_3_X,10,0.00101010101010101,0.00183386
SetC,1500,6,TDSP20_4_20_4_X,10,0.013250760443317511,0.0052801142
SetC,1500,7,TDSP25_3_25_3_X,10,0.00943513445697256,0.0005749298999999999
SetC,1500,8,TDSP25_5_25_5_X,10,0.04011039399090677,0.005119086
SetC,1500,9,TDSP28_3_28_3_X,10,0.0008968609865470852,7.061059999999999e-05
SetC,1500,10,TDSP28_5_28_5_X,10,0.03108040856932897,0.006172878
SetC,1500,11,TDSP30_6_30_6_X,10,0.028677172572451115,0.006353517
SetC,1500,12,TDSP30_8_30_8_X,10,0.08288264199749125,0.005322702
SetC,1500,13,TDSP35_6_35_6_X,10,0.046597729002448185,0.0013163867
SetC,1500,14,TDSP35_8_35_8_X,10,0.06749644678878608,0.0017414719999999998
SetC,1500,15,TDSP40_6_40_6_X,10,0.02183728273333311,0.0009054920000000001
SetC,1500,16,TDSP40_8_40_8_X,10,0.06286164816607881,0.0013724380000000001
